"filename", "language", "C++", "XML", "CMake", "Makefile", "C", "CMake Cache", "Log", "comment", "blank", "total"
"g:\文档\rep\TinyServer\TinyServer\.idea\TinyServer.iml", "XML", 0, 2, 0, 0, 0, 0, 0, 0, 0, 2
"g:\文档\rep\TinyServer\TinyServer\.idea\deployment.xml", "XML", 0, 18, 0, 0, 0, 0, 0, 0, 0, 18
"g:\文档\rep\TinyServer\TinyServer\.idea\misc.xml", "XML", 0, 4, 0, 0, 0, 0, 0, 0, 0, 4
"g:\文档\rep\TinyServer\TinyServer\.idea\modules.xml", "XML", 0, 8, 0, 0, 0, 0, 0, 0, 0, 8
"g:\文档\rep\TinyServer\TinyServer\.idea\other.xml", "XML", 0, 10, 0, 0, 0, 0, 0, 0, 0, 10
"g:\文档\rep\TinyServer\TinyServer\.idea\vcs.xml", "XML", 0, 6, 0, 0, 0, 0, 0, 0, 0, 6
"g:\文档\rep\TinyServer\TinyServer\Acceptor.cpp", "C++", 50, 0, 0, 0, 0, 0, 0, 6, 3, 59
"g:\文档\rep\TinyServer\TinyServer\Acceptor.h", "C++", 25, 0, 0, 0, 0, 0, 0, 2, 4, 31
"g:\文档\rep\TinyServer\TinyServer\Buffer.cpp", "C++", 25, 0, 0, 0, 0, 0, 0, 5, 4, 34
"g:\文档\rep\TinyServer\TinyServer\Buffer.h", "C++", 85, 0, 0, 0, 0, 0, 0, 12, 12, 109
"g:\文档\rep\TinyServer\TinyServer\Callbacks.cpp", "C++", 1, 0, 0, 0, 0, 0, 0, 3, 2, 6
"g:\文档\rep\TinyServer\TinyServer\Callbacks.h", "C++", 14, 0, 0, 0, 0, 0, 0, 3, 3, 20
"g:\文档\rep\TinyServer\TinyServer\Channel.cpp", "C++", 74, 0, 0, 0, 0, 0, 0, 10, 15, 99
"g:\文档\rep\TinyServer\TinyServer\Channel.h", "C++", 52, 0, 0, 0, 0, 0, 0, 11, 15, 78
"g:\文档\rep\TinyServer\TinyServer\CurrentThread.cpp", "C++", 12, 0, 0, 0, 0, 0, 0, 4, 2, 18
"g:\文档\rep\TinyServer\TinyServer\CurrentThread.h", "C++", 16, 0, 0, 0, 0, 0, 0, 3, 4, 23
"g:\文档\rep\TinyServer\TinyServer\DefaultPoller.cpp", "C++", 13, 0, 0, 0, 0, 0, 0, 0, 1, 14
"g:\文档\rep\TinyServer\TinyServer\EPollPoller.cpp", "C++", 97, 0, 0, 0, 0, 0, 0, 12, 11, 120
"g:\文档\rep\TinyServer\TinyServer\EPollPoller.h", "C++", 22, 0, 0, 0, 0, 0, 0, 7, 5, 34
"g:\文档\rep\TinyServer\TinyServer\EventLoop.cpp", "C++", 118, 0, 0, 0, 0, 0, 0, 19, 17, 154
"g:\文档\rep\TinyServer\TinyServer\EventLoop.h", "C++", 42, 0, 0, 0, 0, 0, 0, 8, 14, 64
"g:\文档\rep\TinyServer\TinyServer\EventLoopThread.cpp", "C++", 44, 0, 0, 0, 0, 0, 0, 4, 8, 56
"g:\文档\rep\TinyServer\TinyServer\EventLoopThread.h", "C++", 25, 0, 0, 0, 0, 0, 0, 3, 4, 32
"g:\文档\rep\TinyServer\TinyServer\EventLoopThreadPool.cpp", "C++", 44, 0, 0, 0, 0, 0, 0, 5, 4, 53
"g:\文档\rep\TinyServer\TinyServer\EventLoopThreadPool.h", "C++", 28, 0, 0, 0, 0, 0, 0, 4, 7, 39
"g:\文档\rep\TinyServer\TinyServer\InetAddress.cpp", "C++", 25, 0, 0, 0, 0, 0, 0, 7, 5, 37
"g:\文档\rep\TinyServer\TinyServer\InetAddress.h", "C++", 18, 0, 0, 0, 0, 0, 0, 1, 1, 20
"g:\文档\rep\TinyServer\TinyServer\Logger.cpp", "C++", 28, 0, 0, 0, 0, 0, 0, 4, 0, 32
"g:\文档\rep\TinyServer\TinyServer\Logger.h", "C++", 60, 0, 0, 0, 0, 0, 0, 6, 2, 68
"g:\文档\rep\TinyServer\TinyServer\Poller.cpp", "C++", 9, 0, 0, 0, 0, 0, 0, 0, 2, 11
"g:\文档\rep\TinyServer\TinyServer\Poller.h", "C++", 23, 0, 0, 0, 0, 0, 0, 5, 2, 30
"g:\文档\rep\TinyServer\TinyServer\Socket.cpp", "C++", 52, 0, 0, 0, 0, 0, 0, 3, 4, 59
"g:\文档\rep\TinyServer\TinyServer\Socket.h", "C++", 21, 0, 0, 0, 0, 0, 0, 3, 6, 30
"g:\文档\rep\TinyServer\TinyServer\TcpConnection.cpp", "C++", 26, 0, 0, 0, 0, 0, 0, 3, 3, 32
"g:\文档\rep\TinyServer\TinyServer\TcpConnection.h", "C++", 65, 0, 0, 0, 0, 0, 0, 9, 20, 94
"g:\文档\rep\TinyServer\TinyServer\TcpServer.cpp", "C++", 34, 0, 0, 0, 0, 0, 0, 5, 7, 46
"g:\文档\rep\TinyServer\TinyServer\TcpServer.h", "C++", 48, 0, 0, 0, 0, 0, 0, 4, 12, 64
"g:\文档\rep\TinyServer\TinyServer\Thread.cpp", "C++", 40, 0, 0, 0, 0, 0, 0, 5, 4, 49
"g:\文档\rep\TinyServer\TinyServer\Thread.h", "C++", 30, 0, 0, 0, 0, 0, 0, 0, 5, 35
"g:\文档\rep\TinyServer\TinyServer\Timestamp.cpp", "C++", 21, 0, 0, 0, 0, 0, 0, 5, 6, 32
"g:\文档\rep\TinyServer\TinyServer\Timestamp.h", "C++", 12, 0, 0, 0, 0, 0, 0, 0, 2, 14
"g:\文档\rep\TinyServer\TinyServer\cmake-build-debug\CMakeCache.txt", "CMake Cache", 0, 0, 0, 0, 0, 337, 0, 0, 75, 412
"g:\文档\rep\TinyServer\TinyServer\cmake-build-debug\CMakeFiles\3.16.3\CMakeCCompiler.cmake", "CMake", 0, 0, 60, 0, 0, 0, 0, 0, 17, 77
"g:\文档\rep\TinyServer\TinyServer\cmake-build-debug\CMakeFiles\3.16.3\CMakeCXXCompiler.cmake", "CMake", 0, 0, 70, 0, 0, 0, 0, 0, 19, 89
"g:\文档\rep\TinyServer\TinyServer\cmake-build-debug\CMakeFiles\3.16.3\CMakeSystem.cmake", "CMake", 0, 0, 10, 0, 0, 0, 0, 0, 6, 16
"g:\文档\rep\TinyServer\TinyServer\cmake-build-debug\CMakeFiles\3.16.3\CompilerIdCXX\CMakeCXXCompilerId.cpp", "C++", 496, 0, 0, 0, 0, 0, 0, 52, 113, 661
"g:\文档\rep\TinyServer\TinyServer\cmake-build-debug\CMakeFiles\3.16.3\CompilerIdC\CMakeCCompilerId.c", "C", 0, 0, 0, 0, 507, 0, 0, 50, 115, 672
"g:\文档\rep\TinyServer\TinyServer\cmake-build-debug\CMakeFiles\CMakeDirectoryInformation.cmake", "CMake", 0, 0, 12, 0, 0, 0, 0, 0, 5, 17
"g:\文档\rep\TinyServer\TinyServer\cmake-build-debug\CMakeFiles\CMakeOutput.log", "Log", 0, 0, 0, 0, 0, 0, 423, 0, 39, 462
"g:\文档\rep\TinyServer\TinyServer\cmake-build-debug\CMakeFiles\Makefile.cmake", "CMake", 0, 0, 47, 0, 0, 0, 0, 0, 6, 53
"g:\文档\rep\TinyServer\TinyServer\cmake-build-debug\CMakeFiles\TinyServer.dir\DependInfo.cmake", "CMake", 0, 0, 40, 0, 0, 0, 0, 0, 5, 45
"g:\文档\rep\TinyServer\TinyServer\cmake-build-debug\CMakeFiles\TinyServer.dir\cmake_clean.cmake", "CMake", 0, 0, 28, 0, 0, 0, 0, 0, 2, 30
"g:\文档\rep\TinyServer\TinyServer\cmake-build-debug\CMakeFiles\TinyServerLib.dir\DependInfo.cmake", "CMake", 0, 0, 17, 0, 0, 0, 0, 0, 4, 21
"g:\文档\rep\TinyServer\TinyServer\cmake-build-debug\CMakeFiles\TinyServerLib.dir\cmake_clean.cmake", "CMake", 0, 0, 9, 0, 0, 0, 0, 0, 2, 11
"g:\文档\rep\TinyServer\TinyServer\cmake-build-debug\Makefile", "Makefile", 0, 0, 0, 424, 0, 0, 0, 100, 225, 749
"g:\文档\rep\TinyServer\TinyServer\cmake-build-debug\cmake_install.cmake", "CMake", 0, 0, 42, 0, 0, 0, 0, 0, 8, 50
"g:\文档\rep\TinyServer\TinyServer\noncopyable.h", "C++", 9, 0, 0, 0, 0, 0, 0, 6, 0, 15
"Total", "-", 1804, 48, 335, 424, 507, 337, 423, 389, 857, 5124